"","Program.of.Study"
"1","Duisenberg Quantitative Risk Management"
"2","Computer Science"
"3","Business Analytics"
"4","Business Analytics"
"5"," Computer Science  Big Data Engineering"
"6","Drug discovery and safety"
"7","Computer Science"
"8","Computational Science"
"9"," Financial Economtrics"
"10"," Bioinformatics and Systems Biology"
"11","Econometrics"
"12","Computer Science"
"13","Bioinformatics "
"14","Artificial Intelligence"
"15","EOR"
"16","Bioinformatics"
"17","Business Analytics"
"18","Business Analytics"
"19","Artificial Intelligence"
"20","Computer Science"
"21","Computational Science"
"22","Big Data Engineering"
"23","Artificial Intelligence"
"24","Artificial Intelligence"
"25","Computational Science"
"26"," Computer Science "
"27","Business Analytics"
"28","Business Analytics "
"29","Artificial Intelligence"
"30","Econometrics"
"31","Computational Science"
"32","Business Analytics"
"33","Business Analytics"
"34","Artificial Intelligence"
"35","21-05-1995"
"36","Computer Science  Big Data Engineering"
"37"," Business Analytics "
"38","Artificial Intelligence"
"39","Artificial Intelligence"
"40","Artificial Intelligence"
"41","Artificial Intelligence"
"42","Artificial Intelligence  Socially Aware Computing "
"43"," Artificial Intelligence and  CLS"
"44"," Bioinformatics"
"45","Artificial Intelligence "
"46","Business Analytics"
"47","Business Analytics"
"48","Business Analytics"
"49","System Biology and Bioinformatics"
"50","Business Analytics"
"51","Exchange"
"52","Business Analytics"
"53","EOR"
"54","Big data engineering"
"55","Artificial Intelligence"
"56","EOR"
"57","Finance DHP QRM"
"58","Business Analytics"
"59","QRM"
"60","Business Analytics"
"61","Data Mining Techniques"
"62","Computational Science "
"63","Business analytics"
"64","Business Analytics"
"65","Artificial Intelligence"
"66","Econometrics "
"67"," Artificial Intelligence"
"68","Bioinformatics and SysBio"
"69","Artificial Intelligence"
"70","Econometrics"
"71","Artificial Intelligence"
"72","Comoputational science"
"73","Artificial Intelligence"
"74","Computational science"
"75","Business Analytics"
"76","Computational science"
"77","Artificial Intelligence"
"78","Artificial Intelligence"
"79","Artificial Intelligence"
"80","Econometrics   Operations Research"
"81","MS"
"82","Business Analytics/ operations research"
"83"," Bioinformatics"
"84"," Human Movement Science"
"85","Business Analytics"
"86","Business Analytics"
"87","Finance"
"88","Business Analytics"
"89","Quantitative Risk Management"
"90","Artificial Intelligence"
"91","PhDdent at FGB"
"92","Bioinformatics and Systems Biology"
"93","PhDdent"
"94","Bioinformatics and Systems Biology"
"95","Bioinformatics "
"96","Business Analytics"
"97","Computer Science"
"98","Bioinformatics   Systems biology"
"99","Econometrics"
"100","Computer Science"
"101","Business Analytics"
"102"," Econometrics"
"103","Computer Science  Big Data Engineering"
"104","Artificial Intelligence"
"105","Computer Science"
"106"," Computational Science  Joint Degree "
"107","Artificial Intelligence"
"108","Bioinformatics and Systems Biology "
"109","Artificial Intelligence  Cognitive Sciences "
"110","Big data engineering"
"111","Artificial Intelligence"
"112","Bioinformatics and Systems Biology"
"113","Econometrics"
"114","Artificial Intelligence"
"115","Computational Science"
"116","Business analytics"
"117","Artificial Intelligence    version "
"118"," Artificial intelligence"
"119","Business Analytics"
"120","Computational Science"
"121","Computer Science"
"122","Business Analytics"
"123","Artificial Intelligence"
"124","Artificial Intelligence"
"125","CLS"
"126","Artificial Intelligence"
"127","MPA"
"128","Computer Science"
"129","bioinformatics"
"130","Artificial Intelligence"
"131","Computational Artificial Intelligence"
"132","Bioinformatics   System Biology"
"133","Bioinformatics"
"134","Artificial Intelligence"
"135","Artificial Intelligence"
"136","OR"
"137","EOR"
"138","Business Analytics"
"139","Mathematics Exchange"
"140","Business Analytics"
"141","Bioinformatics and systems biology"
"142","Computer Science"
"143","Econometrics"
"144","Artificial Intelligence"
"145","Business Analytics"
"146","Artificial Intelligence"
"147","Business Analytics"
"148","Business Analytics"
"149","Bioinformatics"
"150","Quantitative risk management"
"151"," Computational science"
"152","Business Analytics Msc"
"153","MS"
"154"," Bioinformatics and Systems Biology"
"155","Artificial Intelligence"
"156","Artificial Intelligence"
"157","Business Analytics"
"158","Quantitative Risk Management"
"159","Computer Science"
"160","Artificial Intelligence"
"161","QRM"
"162","Bioinformatics and systems biology"
"163","Bioinformatcis"
"164","business analytics"
"165"," Econometrics   Operations Research"
"166","Exchange"
"167","Business Analytics"
"168","PhD"
"169","Bioinformatics and Systems Biology "
"170"," Bioinformatics"
"171","B Science, Business   Innovation"
"172","Economics"
"173","Computational Science"
"174","Duisenberg Honors Program Quantitative Risk Managament"
"175","Artificial Intelligence"
"176"," Econometrics and operations research"
"177","CLS"
"178","Artificial Intelligence"
"179","Business Analytics "
"180","Quantitative Risk Management"
"181","Computer Science"
"182","Econometrics"
"183"," Bionformatics and Systems Biology"
"184","Computational Science"
"185","Artificial Intelligence"
"186","Computer ScienceL"
"187","PhD"
"188","Artificial intelligence "
"189","Business Analytics"
"190"," Computer Science big data engineering "
"191","Computational Science"
"192","Business Analytics"
"193","Business Analytics"
"194","Econometrics"
"195","Computational Science"
"196","Computer Science"
"197","Business Analytics"
"198","Bioinformatics master"
"199","Mathematics"
"200","Bioinformatics and Systems biology"
"201","OR"
"202","Computational Science"
"203","Bioinformatics   Systems Biology"
"204","Artificial Intelligence"
"205","Artificial Intelligence   "
"206","Computational Science"
"207","Business Analytics "
"208","Cls"
"209","QRM"
"210"," Bioinformatics and Systems Biology"
"211","Artificial Intelligence"
"212","Artificial Intelligence"
"213","Econometrics "
"214","Artificial Intelligence"
"215","Artificial Intelligence"
"216","Physics"
"217","Business Analytics"
